"1 _ 1",,
"Time","Force","Stroke"
"sec","N","mm"
"0","0.4466375","0.0002"
"0.01","0.4522006","0.001533333"
"0.02","0.4704793","0.0033"
"0.03","0.518163","0.005033333"
"0.04","0.6715457","0.0067"
"0.05","1.004537","0.008366667"
"0.06","1.498063","0.01006667"
"0.07","2.097289","0.01176667"
"0.08","2.843539","0.01343333"
"0.09","3.786087","0.0151"
"0.1","4.870892","0.01676667"
"0.11","6.004969","0.01843333"
"0.12","7.14461","0.0201"
"0.13","8.289814","0.0218"
"0.14","9.44217","0.02346667"
"0.15","10.59294","0.02513333"
"0.16","11.73496","0.0268"
"0.17","12.87381","0.02846667"
"0.18","14.01265","0.0301"
"0.19","15.14991","0.03176667"
"0.2","16.28876","0.03346667"
"0.21","17.43237","0.0351"
"0.22","18.58393","0.03676667"
"0.23","19.74344","0.03846667"
"0.24","20.9101","0.04013333"
"0.25","22.07994","0.0418"
"0.26","23.24502","0.04346667"
"0.27","24.40055","0.04513333"
"0.28","25.55211","0.0468"
"0.29","26.70765","0.04843333"
"0.3","27.86557","0.05013333"
"0.31","29.01475","0.0518"
"0.32","30.15041","0.05346667"
"0.33","31.29005","0.05513334"
"0.34","32.44559","0.0568"
"0.35","33.60431","0.05843334"
"0.36","34.75189","0.0601"
"0.37","35.88756","0.0618"
"0.38","37.02402","0.06346667"
"0.39","38.16207","0.06513333"
"0.4","39.29933","0.0668"
"0.41","40.43341","0.06846667"
"0.42","41.55318","0.07013334"
"0.43","42.6658","0.0718"
"0.44","43.7816","0.07346667"
"0.45","44.90535","0.07513333"
"0.46","46.0275","0.0768"
"0.47","47.13694","0.0785"
"0.48","48.23685","0.08013333"
"0.49","49.33357","0.0818"
"0.5","50.43586","0.08346666"
"0.51","51.53974","0.08513334"
"0.52","52.63646","0.08676667"
"0.53","53.73399","0.08846667"
"0.54","54.8331","0.09013333"
"0.55","55.93459","0.09176667"
"0.56","57.02734","0.09346667"
"0.57","58.11691","0.09513333"
"0.58","59.21364","0.0968"
"0.59","60.31434","0.09846666"
"0.6","61.41424","0.1001333"
"0.61","62.50699","0.1017667"
"0.62","63.59736","0.1034333"
"0.63","64.68932","0.1051333"
"0.64","65.7773","0.1068"
"0.65","66.85734","0.1084667"
"0.66","67.93738","0.1101333"
"0.67","69.02933","0.1118333"
"0.68","70.13003","0.1134667"
"0.69","71.22835","0.1151"
"0.7","72.32348","0.1168"
"0.71","73.41226","0.1184667"
"0.72","74.4915","0.1201333"
"0.73","75.5612","0.1218"
"0.74","76.62535","0.1234667"
"0.75","77.69347","0.1251333"
"0.76","78.77032","0.1268"
"0.77","79.84399","0.1284667"
"0.78","80.90417","0.1301333"
"0.79","81.95798","0.1318"
"0.8","83.02451","0.1334667"
"0.81","84.10136","0.1351333"
"0.82","85.17107","0.1368"
"0.83","86.23361","0.1384667"
"0.84","87.2914","0.1401667"
"0.85","88.34521","0.1418"
"0.86","89.39981","0.1434667"
"0.87","90.46317","0.1451667"
"0.88","91.54002","0.1468"
"0.89","92.62164","0.1484667"
"0.9","93.69373","0.1501667"
"0.91","94.75946","0.1518"
"0.92","95.82599","0.1534667"
"0.93","96.89013","0.1551333"
"0.94","97.95189","0.1567667"
"0.95","99.01524","0.1584333"
"0.96","100.0873","0.1601"
"0.97","101.169","0.1618"
"0.98","102.2609","0.1634667"
"0.99","103.3576","0.1651333"
"1","104.4575","0.1668"
"1.01","105.5598","0.1684667"
"1.02","106.6589","0.1701"
"1.03","107.7509","0.1718"
"1.04","108.8405","0.1734667"
"1.05","109.9348","0.1751333"
"1.06","111.0307","0.1768"
"1.07","112.1219","0.1785"
"1.08","113.2099","0.1801333"
"1.09","114.2979","0.1818"
"1.1","115.3874","0.1834667"
"1.11","116.4754","0.1851333"
"1.12","117.5594","0.1867667"
"1.13","118.6419","0.1884667"
"1.14","119.7275","0.1901333"
"1.15","120.8019","0.1917667"
"1.16","121.8629","0.1934667"
"1.17","122.9143","0.1951333"
"1.18","123.9713","0.1968"
"1.19","125.0354","0.1984333"
"1.2","126.0932","0.2001333"
"1.21","127.1383","0.2018"
"1.22","128.1826","0.2034333"
"1.23","129.234","0.2051333"
"1.24","130.2894","0.2068"
"1.25","131.3384","0.2084667"
"1.26","132.3803","0.2101333"
"1.27","133.4246","0.2118"
"1.28","134.4705","0.2134667"
"1.29","135.5092","0.2151"
"1.3","136.5423","0.2168"
"1.31","137.5755","0.2184667"
"1.32","138.6102","0.2201333"
"1.33","139.6441","0.2218"
"1.34","140.6797","0.2234667"
"1.35","141.7232","0.2251"
"1.36","142.7682","0.2267667"
"1.37","143.8069","0.2284667"
"1.38","144.8377","0.2301333"
"1.39","145.8724","0.2318"
"1.4","146.9183","0.2335"
"1.41","147.9737","0.2351333"
"1.42","149.0307","0.2368"
"1.43","150.0837","0.2384667"
"1.44","151.1311","0.2401333"
"1.45","152.1738","0.2418"
"1.46","153.211","0.2434667"
"1.47","154.2465","0.2451667"
"1.48","155.2852","0.2468"
"1.49","156.3327","0.2484667"
"1.5","157.3809","0.2501333"
"1.51","158.4188","0.2518"
"1.52","159.4472","0.2534333"
"1.53","160.474","0.2551333"
"1.54","161.5071","0.2568"
"1.55","162.5443","0.2584333"
"1.56","163.583","0.2601333"
"1.57","164.6201","0.2618"
"1.58","165.6612","0.2634667"
"1.59","166.6983","0.2651334"
"1.6","167.7219","0.2668"
"1.61","168.7304","0.2684667"
"1.62","169.7469","0.2701333"
"1.63","170.7784","0.2718"
"1.64","171.8187","0.2735"
"1.65","172.8566","0.2751333"
"1.66","173.8969","0.2768"
"1.67","174.938","0.2784667"
"1.68","175.9696","0.2801"
"1.69","176.9932","0.2817667"
"1.7","178.0184","0.2834667"
"1.71","179.0468","0.2851333"
"1.72","180.072","0.2868"
"1.73","181.1004","0.2884667"
"1.74","182.1423","0.2901333"
"1.75","183.1969","0.2917667"
"1.76","184.2483","0.2934667"
"1.77","185.2957","0.2951333"
"1.78","186.3408","0.2968"
"1.79","187.3803","0.2984667"
"1.8","188.4103","0.3001667"
"1.81","189.4371","0.3018"
"1.82","190.4742","0.3034667"
"1.83","191.5256","0.3051333"
"1.84","192.581","0.3068"
"1.85","193.6205","0.3084667"
"1.86","194.6441","0.3101333"
"1.87","195.6574","0.3118333"
"1.88","196.6778","0.3134667"
"1.89","197.7038","0.3151333"
"1.9","198.7306","0.3168"
"1.91","199.7534","0.3184667"
"1.92","200.7643","0.3201333"
"1.93","201.7625","0.3218"
"1.94","202.7567","0.3234667"
"1.95","203.7565","0.3251"
"1.96","204.7523","0.3267667"
"1.97","205.7449","0.3284667"
"1.98","206.7431","0.3301333"
"1.99","207.7444","0.3318"
"2","208.741","0.3335"
"2.01","209.7344","0.3351333"
"2.02","210.7271","0.3367667"
"2.03","211.7213","0.3384667"
"2.04","212.7147","0.3401333"
"2.05","213.6985","0.3418"
"2.06","214.6705","0.3434667"
"2.07","215.6496","0.3451333"
"2.08","216.6454","0.3468"
"2.09","217.6515","0.3484333"
"2.1","218.6465","0.3501333"
"2.11","219.632","0.3518"
"2.12","220.6135","0.3534667"
"2.13","221.5918","0.3551333"
"2.14","222.5685","0.3568"
"2.15","223.5468","0.3584667"
"2.16","224.5347","0.3601333"
"2.17","225.5321","0.3618"
"2.18","226.5263","0.3634667"
"2.19","227.5085","0.3651333"
"2.2","228.4845","0.3668"
"2.21","229.4675","0.3684667"
"2.22","230.4594","0.3701333"
"2.23","231.448","0.3718"
"2.24","232.4295","0.3734667"
"2.25","233.411","0.3751333"
"2.26","234.3949","0.3768"
"2.27","235.3748","0.3784667"
"2.28","236.3547","0.3801333"
"2.29","237.3457","0.3817667"
"2.3","238.3479","0.3834667"
"2.31","239.3389","0.3851333"
"2.32","240.318","0.3868"
"2.33","241.3018","0.3884667"
"2.34","242.2953","0.3901334"
"2.35","243.2879","0.3918"
"2.36","244.2741","0.3934667"
"2.37","245.2652","0.3951333"
"2.38","246.257","0.3968"
"2.39","247.2393","0.3984667"
"2.4","248.2112","0.4001333"
"2.41","249.1879","0.4017667"
"2.42","250.1782","0.4034334"
"2.43","251.1779","0.4051"
"2.44","252.1658","0.4067667"
"2.45","253.1401","0.4084333"
"2.46","254.1272","0.4101333"
"2.47","255.1341","0.4118"
"2.48","256.1378","0.4134667"
"2.49","257.1297","0.4151"
"2.5","258.1302","0.4168"
"2.51","259.1515","0.4184667"
"2.52","260.1759","0.4201"
"2.53","261.1899","0.4218"
"2.54","262.2072","0.4234667"
"2.55","263.2332","0.4251"
"2.56","264.2544","0.4267667"
"2.57","265.2629","0.4284667"
"2.58","266.2619","0.4301333"
"2.59","267.2601","0.4318"
"2.6","268.2654","0.4334667"
"2.61","269.2747","0.4351333"
"2.62","270.2769","0.4367667"
"2.63","271.2758","0.4384667"
"2.64","272.282","0.4401333"
"2.65","273.2817","0.4418"
"2.66","274.264","0.4434667"
"2.67","275.2471","0.4451333"
"2.68","276.2437","0.4468"
"2.69","277.2451","0.4484667"
"2.7","278.2337","0.4501333"
"2.71","279.2168","0.4518"
"2.72","280.2078","0.4534667"
"2.73","281.2012","0.4551333"
"2.74","282.1827","0.4568"
"2.75","283.1467","0.4584667"
"2.76","284.1123","0.4601333"
"2.77","285.0898","0.4618"
"2.78","286.0689","0.4634333"
"2.79","287.0385","0.4651"
"2.8","288.0065","0.4668"
"2.81","288.9832","0.4684667"
"2.82","289.9575","0.4701333"
"2.83","290.9263","0.4718"
"2.84","291.8983","0.4734667"
"2.85","292.8845","0.4751333"
"2.86","293.8755","0.4768"
"2.87","294.8578","0.4784667"
"2.88","295.8353","0.4801333"
"2.89","296.8216","0.4818"
"2.9","297.8134","0.4834667"
"2.91","298.8005","0.4851333"
"2.92","299.7788","0.4868"
"2.93","300.7579","0.4884667"
"2.94","301.7402","0.4901333"
"2.95","302.7161","0.4917667"
"2.96","303.6809","0.4934333"
"2.97","304.6465","0.4951333"
"2.98","305.6264","0.4968"
"2.99","306.6118","0.4984667"
"3","307.5854","0.5001333"
"3.01","308.551","0.5018"
"3.02","309.5269","0.5034333"
"3.03","310.5148","0.5051333"
"3.04","311.4915","0.5068"
"3.05","312.4467","0.5084667"
"3.06","313.3996","0.5101333"
"3.07","314.37","0.5118"
"3.08","315.3475","0.5134667"
"3.09","316.3107","0.5151333"
"3.1","317.262","0.5168"
"3.11","318.2165","0.5184667"
"3.12","319.1678","0.5201333"
"3.13","320.1048","0.5218"
"3.14","321.0378","0.5234666"
"3.15","321.9827","0.5251333"
"3.16","322.9372","0.5267667"
"3.17","323.8861","0.5284333"
"3.18","324.8278","0.5301"
"3.19","325.7767","0.5317667"
"3.2","326.7249","0.5334667"
"3.21","327.6579","0.5351"
"3.22","328.5861","0.5367666"
"3.23","329.5294","0.5384667"
"3.24","330.4887","0.5401334"
"3.25","331.4431","0.5418"
"3.26","332.3929","0.5434667"
"3.27","333.3505","0.5451334"
"3.28","334.3217","0.5468"
"3.29","335.2873","0.5484334"
"3.3","336.2386","0.5501333"
"3.31","337.1851","0.5518"
"3.32","338.1364","0.5534667"
"3.33","339.0892","0.5551333"
"3.34","340.0405","0.5568"
"3.35","340.9974","0.5584334"
"3.36","341.9622","0.5601"
"3.37","342.9222","0.5618"
"3.38","343.8647","0.5634667"
"3.39","344.7954","0.5651333"
"3.4","345.7316","0.5668"
"3.41","346.6685","0.5684667"
"3.42","347.5976","0.5701"
"3.43","348.5195","0.5718"
"3.44","349.4469","0.5734667"
"3.45","350.3768","0.5751"
"3.46","351.3018","0.5768"
"3.47","352.2277","0.5784667"
"3.48","353.1567","0.5801333"
"3.49","354.0865","0.5818"
"3.5","355.014","0.5834666"
"3.51","355.9383","0.5851333"
"3.52","356.8546","0.5867667"
"3.53","357.7685","0.5884666"
"3.54","358.6888","0.5901"
"3.55","359.6131","0.5917667"
"3.56","360.5294","0.5934333"
"3.57","361.4426","0.5951334"
"3.58","362.3557","0.5968"
"3.59","363.2649","0.5984667"
"3.6","364.1804","0.6001334"
"3.61","365.1047","0.6017666"
"3.62","366.0337","0.6034333"
"3.63","366.954","0.6051"
"3.64","367.8719","0.6068"
"3.65","368.7954","0.6084667"
"3.66","369.7252","0.6101333"
"3.67","370.6495","0.6118"
"3.68","371.5706","0.6134667"
"3.69","372.4933","0.6151"
"3.7","373.4207","0.6168"
"3.71","374.3418","0.6184334"
"3.72","375.2542","0.6201"
"3.73","376.1665","0.6218"
"3.74","377.0828","0.6234667"
"3.75","378.0007","0.6251"
"3.76","378.9171","0.6267667"
"3.77","379.8398","0.6284667"
"3.78","380.7696","0.6301"
"3.79","381.6946","0.6317667"
"3.8","382.6102","0.6334667"
"3.81","383.5273","0.6351333"
"3.82","384.4595","0.6368"
"3.83","385.3925","0.6384667"
"3.84","386.3128","0.6401333"
"3.85","387.2228","0.6418"
"3.86","388.1367","0.6434667"
"3.87","389.0578","0.6451333"
"3.88","389.9781","0.6468"
"3.89","390.896","0.6484666"
"3.9","391.8203","0.6501667"
"3.91","392.7493","0.6518"
"3.92","393.6752","0.6534333"
"3.93","394.5947","0.6551"
"3.94","395.5229","0.6567667"
"3.95","396.4615","0.6584333"
"3.96","397.3985","0.6601"
"3.97","398.3267","0.6618"
"3.98","399.247","0.6634667"
"3.99","400.1737","0.6651334"
"4","401.117","0.6668"
"4.01","402.0699","0.6684667"
"4.02","403.0164","0.6701"
"4.03","403.9558","0.6718"
"4.04","404.892","0.6734667"
"4.05","405.8289","0.6751333"
"4.06","406.7699","0.6768333"
"4.07","407.7125","0.6785"
"4.08","408.6574","0.6801333"
"4.09","409.6039","0.6818"
"4.1","410.5417","0.6834667"
"4.11","411.4676","0.6851"
"4.12","412.3839","0.6867667"
"4.13","413.3026","0.6884667"
"4.14","414.2292","0.6901333"
"4.15","415.1511","0.6918"
"4.16","416.0611","0.6934667"
"4.17","416.971","0.6951333"
"4.18","417.8874","0.6968"
"4.19","418.8045","0.6984667"
"4.2","419.7144","0.7001333"
"4.21","420.6205","0.7018"
"4.22","421.5288","0.7034667"
"4.23","422.4404","0.7051333"
"4.24","423.3424","0.7068"
"4.25","424.2341","0.7084666"
"4.26","425.1242","0.7101667"
"4.27","426.0198","0.7118"
"4.28","426.9123","0.7134333"
"4.29","427.7976","0.7151"
"4.3","428.6806","0.7168"
"4.31","429.5627","0.7184667"
"4.32","430.4425","0.7201334"
"4.33","431.3239","0.7218"
"4.34","432.2092","0.7234667"
"4.35","433.0985","0.7251"
"4.36","433.9862","0.7267666"
"4.37","434.8636","0.7284667"
"4.38","435.7306","0.7301334"
"4.39","436.5905","0.7318"
"4.4","437.4552","0.7335"
"4.41","438.3286","0.7351333"
"4.42","439.2004","0.7368"
"4.43","440.0667","0.7384667"
"4.44","440.9242","0.7401333"
"4.45","441.7809","0.7418"
"4.46","442.6416","0.7434667"
"4.47","443.5031","0.7451667"
"4.48","444.3661","0.7468"
"4.49","445.2292","0.7484667"
"4.5","446.0923","0.7501333"
"4.51","446.9577","0.7518"
"4.52","447.8192","0.7534333"
"4.53","448.676","0.7551333"
"4.54","449.5263","0.7568"
"4.55","450.3727","0.7584333"
"4.56","451.2175","0.7601333"
"4.57","452.0686","0.7618"
"4.58","452.9301","0.7634667"
"4.59","453.7932","0.7651333"
"4.6","454.6476","0.7668"
"4.61","455.49","0.7684667"
"4.62","456.3212","0.7701333"
"4.63","457.1613","0.7718334"
"4.64","458.01","0.7735"
"4.65","458.8572","0.7751334"
"4.66","459.698","0.7768"
"4.67","460.5421","0.7784667"
"4.68","461.3908","0.7801334"
"4.69","462.234","0.7817667"
"4.7","463.074","0.7834667"
"4.71","463.9149","0.7851334"
"4.72","464.7541","0.7868"
"4.73","465.5925","0.7884667"
"4.74","466.4366","0.7901334"
"4.75","467.2901","0.7918"
"4.76","468.1524","0.7934667"
"4.77","469.0162","0.7951334"
"4.78","469.8817","0.7968"
"4.79","470.748","0.7984667"
"4.8","471.6134","0.8001667"
"4.81","472.4805","0.8018"
"4.82","473.3443","0.8034667"
"4.83","474.205","0.8051333"
"4.84","475.0602","0.8068"
"4.85","475.9208","0.8084667"
"4.86","476.7855","0.8101333"
"4.87","477.6478","0.8118333"
"4.88","478.5045","0.8134667"
"4.89","479.3572","0.8151333"
"4.9","480.206","0.8168"
"4.91","481.0508","0.8184667"
"4.92","481.8988","0.8201333"
"4.93","482.7476","0.8218"
"4.94","483.5963","0.8234667"
"4.95","484.4411","0.8251"
"4.96","485.282","0.8267667"
"4.97","486.1228","0.8284667"
"4.98","486.9612","0.8301667"
"4.99","487.7965","0.8318334"
"5","488.6341","0.8335"
"5.01","489.4765","0.8351333"
"5.02","490.3221","0.8367667"
"5.03","491.1606","0.8384667"
"5.04","491.9902","0.8401334"
"5.05","492.8168","0.8418"
"5.06","493.6472","0.8435"
"5.07","494.4801","0.8451667"
"5.08","495.3186","0.8468"
"5.09","496.1594","0.8484667"
"5.1","497.0042","0.8501334"
"5.11","497.8418","0.8518"
"5.12","498.6684","0.8534667"
"5.13","499.4893","0.8551334"
"5.14","500.3214","0.8568"
"5.15","501.1614","0.8584667"
"5.16","501.9959","0.8601333"
"5.17","502.8184","0.8618"
"5.18","503.6386","0.8634667"
"5.19","504.4627","0.8651333"
"5.2","505.2829","0.8668333"
"5.21","506.0951","0.8684667"
"5.22","506.9097","0.8701333"
"5.23","507.7314","0.8718"
"5.24","508.5516","0.8734667"
"5.25","509.3654","0.8751333"
"5.26","510.184","0.8768"
"5.27","511.0161","0.8785"
"5.28","511.8529","0.8801333"
"5.29","512.6786","0.8818"
"5.3","513.4869","0.8834667"
"5.31","514.2943","0.8851333"
"5.32","515.1113","0.8868"
"5.33","515.9307","0.8884667"
"5.34","516.7429","0.8901333"
"5.35","517.5543","0.8918"
"5.36","518.3745","0.8934667"
"5.37","519.1978","0.8951667"
"5.38","520.0148","0.8968"
"5.39","520.8238","0.8984667"
"5.4","521.6416","0.9001667"
"5.41","522.4657","0.9018"
"5.42","523.2811","0.9034333"
"5.43","524.0894","0.9051334"
"5.44","524.9079","0.9068"
"5.45","525.7344","0.9084667"
"5.46","526.5538","0.9101334"
"5.47","527.366","0.9118333"
"5.48","528.1877","0.9134667"
"5.49","529.023","0.9151334"
"5.5","529.8599","0.9168"
"5.51","530.688","0.9184667"
"5.52","531.5073","0.9201"
"5.53","532.3259","0.9218"
"5.54","533.154","0.9234667"
"5.55","533.9821","0.9251333"
"5.56","534.8031","0.9268"
"5.57","535.6193","0.9284667"
"5.58","536.4267","0.9301333"
"5.59","537.2222","0.9318"
"5.6","538.0162","0.9334667"
"5.61","538.8196","0.9351333"
"5.62","539.6231","0.9368"
"5.63","540.4131","0.9384667"
"5.64","541.1887","0.9401667"
"5.65","541.9596","0.9418"
"5.66","542.7361","0.9434667"
"5.67","543.5157","0.9451333"
"5.68","544.2945","0.9468"
"5.69","545.0702","0.9484667"
"5.7","545.8411","0.9501333"
"5.71","546.604","0.9518"
"5.72","547.359","0.9534667"
"5.73","548.11","0.9551667"
"5.74","548.8626","0.9568"
"5.75","549.6192","0.9584666"
"5.76","550.3694","0.9601334"
"5.77","551.1141","0.9618"
"5.78","551.8604","0.9634667"
"5.79","552.6153","0.9651334"
"5.8","553.3743","0.9668334"
"5.81","554.1364","0.9684667"
"5.82","554.8962","0.9701334"
"5.83","555.652","0.9718"
"5.84","556.4006","0.9734667"
"5.85","557.1461","0.9751334"
"5.86","557.89","0.9768"
"5.87","558.6322","0.9785"
"5.88","559.3793","0.9801334"
"5.89","560.1335","0.9818"
"5.9","560.8868","0.9835"
"5.91","561.6347","0.9851333"
"5.92","562.377","0.9868"
"5.93","563.1216","0.9884667"
"5.94","563.8639","0.9901333"
"5.95","564.6046","0.9918"
"5.96","565.3445","0.9934667"
"5.97","566.0892","0.9951667"
"5.98","566.8362","0.9968"
"5.99","567.584","0.9984667"
"6","568.3287","1.000133"
"6.01","569.0742","1.0018"
"6.02","569.826","1.003433"
"6.03","570.5754","1.005133"
"6.04","571.3169","1.0068"
"6.05","572.052","1.008467"
"6.06","572.7919","1.010167"
"6.07","573.5302","1.011833"
"6.08","574.2629","1.013467"
"6.09","575.0028","1.015133"
"6.1","575.7499","1.016833"
"6.11","576.4897","1.018467"
"6.12","577.2185","1.020133"
"6.13","577.9537","1.0218"
"6.14","578.7007","1.0235"
"6.15","579.4454","1.025133"
"6.16","580.1757","1.026767"
"6.17","580.9077","1.028467"
"6.18","581.65","1.030133"
"6.19","582.3922","1.031767"
"6.2","583.1226","1.033467"
"6.21","583.8529","1.035133"
"6.22","584.5952","1.0368"
"6.23","585.3454","1.038467"
"6.24","586.0901","1.040133"
"6.25","586.8307","1.0418"
"6.26","587.5794","1.043467"
"6.27","588.3423","1.045133"
"6.28","589.1077","1.0468"
"6.29","589.8722","1.048433"
"6.3","590.6447","1.050133"
"6.31","591.418","1.0518"
"6.32","592.1809","1.053467"
"6.33","592.9263","1.055133"
"6.34","593.6726","1.0568"
"6.35","594.4212","1.058467"
"6.36","595.1691","1.0601"
"6.37","595.9113","1.0618"
"6.38","596.6505","1.063467"
"6.39","597.3911","1.065133"
"6.4","598.1295","1.0668"
"6.41","598.863","1.068467"
"6.42","599.5973","1.070133"
"6.43","600.3404","1.071833"
"6.44","601.0842","1.073467"
"6.45","601.8066","1.075133"
"6.46","602.5219","1.0768"
"6.47","603.2443","1.0785"
"6.48","603.9747","1.080133"
"6.49","604.7003","1.0818"
"6.5","605.4203","1.083467"
"6.51","606.1403","1.085167"
"6.52","606.8563","1.0868"
"6.53","607.5684","1.088467"
"6.54","608.2813","1.090133"
"6.55","608.9998","1.091767"
"6.56","609.7158","1.093433"
"6.57","610.4231","1.095133"
"6.58","611.1272","1.0968"
"6.59","611.8345","1.098467"
"6.6","612.5506","1.100167"
"6.61","613.2666","1.1018"
"6.62","613.9763","1.103433"
"6.63","614.6837","1.105133"
"6.64","615.3949","1.1068"
"6.65","616.1054","1.108467"
"6.66","616.8111","1.110133"
"6.67","617.5137","1.111833"
"6.68","618.2217","1.113467"
"6.69","618.9338","1.115133"
"6.7","619.642","1.1168"
"6.71","620.3453","1.118467"
"6.72","621.0526","1.120133"
"6.73","621.7702","1.1218"
"6.74","622.4839","1.123467"
"6.75","623.1761","1.1251"
"6.76","623.8508","1.1268"
"6.77","624.524","1.128467"
"6.78","625.2082","1.130133"
"6.79","625.9005","1.1318"
"6.8","626.5919","1.133467"
"6.81","627.2729","1.135133"
"6.82","627.9532","1.1368"
"6.83","628.6382","1.138467"
"6.84","629.3217","1.140133"
"6.85","630.0028","1.1418"
"6.86","630.6855","1.1435"
"6.87","631.3705","1.145167"
"6.88","632.054","1.1468"
"6.89","632.7335","1.148467"
"6.9","633.4122","1.150133"
"6.91","634.0893","1.1518"
"6.92","634.7617","1.153433"
"6.93","635.4268","1.155133"
"6.94","636.096","1.1568"
"6.95","636.7811","1.158433"
"6.96","637.4741","1.1601"
"6.97","638.1615","1.1618"
"6.98","638.8426","1.163467"
"6.99","639.5276","1.165133"
"7","640.223","1.1668"
"7.01","640.92","1.168467"
"7.02","641.6162","1.1701"
"7.03","642.3132","1.1718"
"7.04","643.0062","1.173467"
"7.05","643.6873","1.175133"
"7.06","644.3612","1.1768"
"7.07","645.0422","1.1785"
"7.08","645.7305","1.180133"
"7.09","646.4163","1.1818"
"7.1","647.095","1.183467"
"7.11","647.7682","1.185133"
"7.12","648.4429","1.186767"
"7.13","649.116","1.188467"
"7.14","649.7852","1.190133"
"7.15","650.448","1.1918"
"7.16","651.1124","1.193467"
"7.17","651.7847","1.195133"
"7.18","652.4539","1.1968"
"7.19","653.1088","1.198467"
"7.2","653.7604","1.200133"
"7.21","654.4137","1.201767"
"7.22","655.0638","1.203467"
"7.23","655.7139","1.205133"
"7.24","656.3727","1.206833"
"7.25","657.0308","1.2085"
"7.26","657.6793","1.210167"
"7.27","658.3286","1.2118"
"7.28","658.989","1.213433"
"7.29","659.6478","1.2151"
"7.3","660.2931","1.2168"
"7.31","660.9297","1.218467"
"7.32","661.5663","1.220133"
"7.33","662.206","1.2218"
"7.34","662.8466","1.223467"
"7.35","663.4927","1.2251"
"7.36","664.1491","1.226767"
"7.37","664.808","1.228467"
"7.38","665.4557","1.230133"
"7.39","666.0883","1.2318"
"7.4","666.7256","1.2335"
"7.41","667.3757","1.235133"
"7.42","668.029","1.2368"
"7.43","668.6791","1.238467"
"7.44","669.3331","1.240133"
"7.45","669.9896","1.2418"
"7.46","670.6381","1.243467"
"7.47","671.2802","1.245167"
"7.48","671.9335","1.2468"
"7.49","672.5979","1.248467"
"7.5","673.2527","1.250133"
"7.51","673.8909","1.2518"
"7.52","674.5243","1.253433"
"7.53","675.1688","1.255133"
"7.54","675.8268","1.2568"
"7.55","676.4761","1.258433"
"7.56","677.1143","1.260133"
"7.57","677.7541","1.2618"
"7.58","678.4002","1.263467"
"7.59","679.0392","1.265133"
"7.6","679.6725","1.2668"
"7.61","680.3107","1.268467"
"7.62","680.9529","1.270133"
"7.63","681.5823","1.271833"
"7.64","682.2022","1.2735"
"7.65","682.8324","1.275167"
"7.66","683.4745","1.2768"
"7.67","684.1151","1.278467"
"7.68","684.7516","1.2801"
"7.69","685.397","1.281767"
"7.7","686.0455","1.283467"
"7.71","686.6797","1.285133"
"7.72","687.2972","1.2868"
"7.73","687.9218","1.288467"
"7.74","688.5679","1.290133"
"7.75","689.2196","1.291767"
"7.76","689.8586","1.293467"
"7.77","690.4999","1.295133"
"7.78","691.1572","1.2968"
"7.79","691.8232","1.298467"
"7.8","692.482","1.300167"
"7.81","693.1384","1.3018"
"7.82","693.8052","1.303467"
"7.83","694.4783","1.305133"
"7.84","695.1396","1.3068"
"7.85","695.7857","1.308467"
"7.86","696.4294","1.310133"
"7.87","697.0763","1.311833"
"7.88","697.7145","1.313467"
"7.89","698.3487","1.315133"
"7.9","698.9924","1.3168"
"7.91","699.637","1.318467"
"7.92","700.2624","1.320133"
"7.93","700.8743","1.3218"
"7.94","701.4982","1.323467"
"7.95","702.1356","1.3251"
"7.96","702.7634","1.3268"
"7.97","703.3729","1.3285"
"7.98","703.9793","1.330167"
"7.99","704.5984","1.3318"
"8","705.2223","1.3335"
"8.01","705.8374","1.335133"
"8.02","706.443","1.336767"
"8.03","707.0494","1.338467"
"8.04","707.6502","1.340133"
"8.05","708.2415","1.3418"
"8.06","708.8367","1.3435"
"8.07","709.4455","1.345133"
"8.08","710.0574","1.3468"
"8.09","710.6622","1.348467"
"8.1","711.2598","1.350133"
"8.11","711.8575","1.3518"
"8.12","712.4519","1.353467"
"8.13","713.0432","1.355133"
"8.14","713.6305","1.3568"
"8.15","714.2139","1.358467"
"8.16","714.7908","1.3601"
"8.17","715.3646","1.3618"
"8.18","715.9352","1.363467"
"8.19","716.5027","1.365133"
"8.2","717.0733","1.366833"
"8.21","717.6479","1.368467"
"8.22","718.2217","1.370133"
"8.23","718.7931","1.3718"
"8.24","719.3589","1.373467"
"8.25","719.9224","1.375133"
"8.26","720.4922","1.376833"
"8.27","721.0715","1.3785"
"8.28","721.6445","1.380133"
"8.29","722.2088","1.3818"
"8.3","722.777","1.3835"
"8.31","723.3596","1.385167"
"8.32","723.9413","1.3868"
"8.33","724.512","1.388467"
"8.34","725.0802","1.390133"
"8.35","725.6484","1.3918"
"8.36","726.2087","1.393467"
"8.37","726.7571","1.395167"
"8.38","727.311","1.3968"
"8.39","727.8776","1.398467"
"8.4","728.4451","1.400133"
"8.41","729.0045","1.401767"
"8.42","729.5632","1.403433"
"8.43","730.1315","1.405133"
"8.44","730.6981","1.4068"
"8.45","731.2504","1.408467"
"8.46","731.8028","1.410133"
"8.47","732.375","1.411833"
"8.48","732.9591","1.413467"
"8.49","733.5377","1.4151"
"8.5","734.1083","1.4168"
"8.51","734.6852","1.418467"
"8.52","735.2662","1.4201"
"8.53","735.8384","1.4218"
"8.54","736.4026","1.423467"
"8.55","736.9749","1.425133"
"8.56","737.5566","1.4268"
"8.57","738.1392","1.428467"
"8.58","738.7122","1.430133"
"8.59","739.2828","1.4318"
"8.6","739.855","1.433467"
"8.61","740.424","1.435133"
"8.62","740.9883","1.4368"
"8.63","741.5525","1.438467"
"8.64","742.1215","1.440167"
"8.65","742.6882","1.4418"
"8.66","743.2461","1.443467"
"8.67","743.7944","1.445167"
"8.68","744.342","1.4468"
"8.69","744.8864","1.448467"
"8.7","745.426","1.450133"
"8.71","745.9601","1.4518"
"8.72","746.4941","1.453467"
"8.73","747.0361","1.455133"
"8.74","747.5805","1.4568"
"8.75","748.1218","1.458467"
"8.76","748.6598","1.460133"
"8.77","749.1978","1.4618"
"8.78","749.7319","1.463433"
"8.79","750.2556","1.465133"
"8.8","750.7745","1.4668"
"8.81","751.3022","1.468467"
"8.82","751.8411","1.470133"
"8.83","752.3719","1.4718"
"8.84","752.8877","1.473467"
"8.85","753.4051","1.475133"
"8.86","753.9312","1.4768"
"8.87","754.4581","1.4785"
"8.88","754.9802","1.480133"
"8.89","755.5056","1.4818"
"8.9","756.038","1.483467"
"8.91","756.5673","1.485133"
"8.92","757.0831","1.4868"
"8.93","757.5965","1.488467"
"8.94","758.1139","1.490133"
"8.95","758.6265","1.491767"
"8.96","759.1319","1.493433"
"8.97","759.6414","1.495133"
"8.98","760.1603","1.4968"
"8.99","760.6761","1.498467"
"9","761.1839","1.500133"
"9.01","761.6925","1.5018"
"9.02","762.2059","1.503433"
"9.03","762.7177","1.505133"
"9.04","763.2208","1.5068"
"9.05","763.7175","1.508467"
"9.06","764.2142","1.510167"
"9.07","764.7157","1.511833"
"9.08","765.2172","1.513467"
"9.09","765.7218","1.515133"
"9.1","766.2336","1.5168"
"9.11","766.7407","1.518467"
"9.12","767.2318","1.520133"
"9.13","767.7118","1.5218"
"9.14","768.1966","1.5235"
"9.15","768.6854","1.525133"
"9.16","769.1741","1.526767"
"9.17","769.6636","1.528433"
"9.18","770.15","1.5301"
"9.19","770.6245","1.531767"
"9.2","771.091","1.533467"
"9.21","771.5567","1.535133"
"9.22","772.0256","1.5368"
"9.23","772.5064","1.538467"
"9.24","772.9976","1.540133"
"9.25","773.4895","1.5418"
"9.26","773.975","1.543467"
"9.27","774.4598","1.545167"
"9.28","774.9478","1.5468"
"9.29","775.4294","1.548433"
"9.3","775.9078","1.550133"
"9.31","776.3846","1.5518"
"9.32","776.8623","1.553467"
"9.33","777.3375","1.555133"
"9.34","777.816","1.5568"
"9.35","778.292","1.558433"
"9.36","778.7585","1.560133"
"9.37","779.2227","1.5618"
"9.38","779.6812","1.563467"
"9.39","780.1366","1.565133"
"9.4","780.5896","1.566833"
"9.41","781.0474","1.568467"
"9.42","781.4988","1.570133"
"9.43","781.9374","1.571833"
"9.44","782.369","1.573467"
"9.45","782.7997","1.575133"
"9.46","783.2281","1.5768"
"9.47","783.6509","1.5785"
"9.48","784.0721","1.580133"
"9.49","784.4941","1.5818"
"9.5","784.9105","1.583467"
"9.51","785.3246","1.585133"
"9.52","785.745","1.5868"
"9.53","786.1725","1.588467"
"9.54","786.5945","1.590133"
"9.55","787.0038","1.591767"
"9.56","787.4036","1.593467"
"9.57","787.8049","1.595133"
"9.58","788.2142","1.5968"
"9.59","788.6235","1.598467"
"9.6","789.0296","1.600133"
"9.61","789.4389","1.6018"
"9.62","789.8561","1.603433"
"9.63","790.2701","1.605133"
"9.64","790.6763","1.6068"
"9.65","791.0792","1.608467"
"9.66","791.4861","1.610133"
"9.67","791.8875","1.6118"
"9.68","792.2864","1.613467"
"9.69","792.6909","1.615133"
"9.7","793.1018","1.6168"
"9.71","793.5015","1.618467"
"9.72","793.8854","1.620133"
"9.73","794.2661","1.6218"
"9.74","794.657","1.623467"
"9.75","795.056","1.6251"
"9.76","795.4518","1.6268"
"9.77","795.8404","1.628467"
"9.78","796.2259","1.630133"
"9.79","796.6185","1.6318"
"9.8","797.015","1.6335"
"9.81","797.4132","1.635133"
"9.82","797.8105","1.6368"
"9.83","798.2031","1.638467"
"9.84","798.5878","1.640133"
"9.85","798.9677","1.6418"
"9.86","799.3459","1.643467"
"9.87","799.7274","1.645167"
"9.88","800.1121","1.6468"
"9.89","800.4984","1.648467"
"9.9","800.8909","1.650133"
"9.91","801.2811","1.6518"
"9.92","801.6634","1.653433"
"9.93","802.0377","1.6551"
"9.94","802.4049","1.6568"
"9.95","802.7665","1.658433"
"9.96","803.1289","1.6601"
"9.97","803.496","1.6618"
"9.98","803.8608","1.663467"
"9.99","804.2224","1.665133"
"10","804.588","1.6668"
"10.01","804.9543","1.668467"
"10.02","805.3231","1.6701"
"10.03","805.6935","1.6718"
"10.04","806.0694","1.673467"
"10.05","806.4413","1.675133"
"10.06","806.8116","1.6768"
"10.07","807.1884","1.678467"
"10.08","807.5682","1.680133"
"10.09","807.9346","1.6818"
"10.1","808.2851","1.683467"
"10.11","808.6245","1.685133"
"10.12","808.959","1.686767"
"10.13","809.2952","1.688467"
"10.14","809.6369","1.690133"
"10.15","809.9802","1.6918"
"10.16","810.3148","1.693467"
"10.17","810.6447","1.695133"
"10.18","810.9784","1.6968"
"10.19","811.3177","1.698467"
"10.2","811.6571","1.700133"
"10.21","811.9869","1.7018"
"10.22","812.3032","1.703433"
"10.23","812.614","1.705133"
"10.24","812.9247","1.7068"
"10.25","813.2314","1.708467"
"10.26","813.543","1.710133"
"10.27","813.8704","1.7118"
"10.28","814.205","1.713467"
"10.29","814.5221","1.7151"
"10.3","814.8257","1.7168"
"10.31","815.1356","1.718467"
"10.32","815.4512","1.720133"
"10.33","815.7579","1.7218"
"10.34","816.0488","1.723467"
"10.35","816.3412","1.7251"
"10.36","816.6417","1.7268"
"10.37","816.9421","1.728467"
"10.38","817.2266","1.730133"
"10.39","817.4984","1.7318"
"10.4","817.7686","1.7335"
"10.41","818.0364","1.735133"
"10.42","818.3018","1.7368"
"10.43","818.5704","1.738467"
"10.44","818.851","1.740133"
"10.45","819.1363","1.7418"
"10.46","819.4232","1.743467"
"10.47","819.7212","1.745167"
"10.48","820.0352","1.7468"
"10.49","820.3594","1.748467"
"10.5","820.6773","1.750133"
"10.51","820.992","1.7518"
"10.52","821.3146","1.753433"
"10.53","821.6405","1.755133"
"10.54","821.9568","1.7568"
"10.55","822.262","1.758433"
"10.56","822.5775","1.760133"
"10.57","822.9065","1.7618"
"10.58","823.2339","1.763467"
"10.59","823.559","1.765133"
"10.6","823.884","1.766833"
"10.61","824.2106","1.768467"
"10.62","824.5317","1.770133"
"10.63","824.8409","1.7718"
"10.64","825.1461","1.7735"
"10.65","825.4592","1.775133"
"10.66","825.7834","1.7768"
"10.67","826.1053","1.778467"
"10.68","826.416","1.7801"
"10.69","826.7204","1.781767"
"10.7","827.024","1.783467"
"10.71","827.3244","1.7851"
"10.72","827.6201","1.786767"
"10.73","827.9133","1.788467"
"10.74","828.2113","1.790133"
"10.75","828.5141","1.7918"
"10.76","828.8145","1.793467"
"10.77","829.1118","1.795133"
"10.78","829.4042","1.796767"
"10.79","829.6943","1.798433"
"10.8","829.9852","1.800133"
"10.81","830.2697","1.8018"
"10.82","830.5494","1.803467"
"10.83","830.8339","1.805133"
"10.84","831.1216","1.8068"
"10.85","831.4022","1.808467"
"10.86","831.6779","1.810133"
"10.87","831.9568","1.8118"
"10.88","832.2374","1.813467"
"10.89","832.5068","1.815133"
"10.9","832.7627","1.8168"
"10.91","833.0115","1.818467"
"10.92","833.2491","1.820133"
"10.93","833.4819","1.8218"
"10.94","833.71","1.823467"
"10.95","833.9318","1.8251"
"10.96","834.1527","1.826767"
"10.97","834.3745","1.828467"
"10.98","834.589","1.830133"
"10.99","834.7869","1.8318"
"11","834.9816","1.8335"
"11.01","835.1803","1.835133"
"11.02","835.3782","1.836767"
"11.03","835.5626","1.838467"
"11.04","835.7342","1.840133"
"11.05","835.9003","1.8418"
"11.06","836.0616","1.843467"
"11.07","836.2174","1.845167"
"11.08","836.3684","1.8468"
"11.09","836.5194","1.848467"
"11.1","836.6736","1.850133"
"11.11","836.827","1.8518"
"11.12","836.9692","1.853433"
"11.13","837.0964","1.855133"
"11.14","837.2156","1.8568"
"11.15","837.3292","1.858467"
"11.16","837.4381","1.860133"
"11.17","837.5422","1.8618"
"11.18","837.6407","1.863467"
"11.19","837.7346","1.8651"
"11.2","837.8267","1.8668"
"11.21","837.9109","1.868467"
"11.22","837.9801","1.870133"
"11.23","838.0334","1.8718"
"11.24","838.0803","1.873467"
"11.25","838.1248","1.875133"
"11.26","838.1637","1.8768"
"11.27","838.201","1.878467"
"11.28","838.236","1.880133"
"11.29","838.2623","1.8818"
"11.3","838.271","1.883467"
"11.31","838.2662","1.885133"
"11.32","838.2495","1.8868"
"11.33","838.2153","1.888467"
"11.34","838.1621","1.890133"
"11.35","838.0945","1.891767"
"11.36","838.0143","1.893467"
"11.37","837.9205","1.895133"
"11.38","837.8101","1.8968"
"11.39","837.6757","1.898467"
"11.4","837.5255","1.900133"
"11.41","837.3618","1.901767"
"11.42","837.1798","1.903433"
"11.43","836.9692","1.905133"
"11.44","836.7268","1.9068"
"11.45","836.4558","1.908467"
"11.46","836.1498","1.910133"
"11.47","835.7835","1.911833"
"11.48","835.3234","1.913467"
"11.49","834.5914","1.915167"
"11.5","831.7272","1.916833"
"11.51","820.0526","1.918467"
"11.52","791.8715","1.9201"
"11.53","752.0699","1.9218"
"11.54","718.7311","1.923467"
"11.55","703.1282","1.925133"
"11.56","700.3951","1.926367"
"11.57","701.5713","1.926633"
"11.58","703.0058","1.926633"
